Quantity,References,Value,Footprint,Manufacturer,MPN,LCSC/Supplier PN,Assembly
1,L1,0.47uH XFL4015-471MEC,Board2_Recovered:L_0402_1005Metric,,,,FIT
2,"R261,R266",0R DNP to BL_PWM,Board2_Recovered:R_0402_1005Metric,,,,DNP
2,"R302,R303",0R SD DETECT OPTION,Board2_Recovered:R_0402_1005Metric,,,,DNP
1,R30,1.6k RREF VERIFY,Board2_Recovered:R_0402_1005Metric,,,,FIT
1,R11,100R BATP,Board2_Recovered:R_0402_1005Metric,,,,FIT
5,"R2032,R2042,R2051,R2052,R2062",100k 1%,Board2_Recovered:R_0402_1005Metric,,,,FIT
1,R20,100k 1V05 FB,Board2_Recovered:R_0402_1005Metric,,,,FIT
1,R21,100k 1V05 PG,Board2_Recovered:R_0402_1005Metric,,,,FIT
2,"R260,R265",100k RESET pulldown,Board2_Recovered:R_0402_1005Metric,,,,FIT
36,"C2010,C2011,C2012,C2013,C20130,C20131,C20132,C2014,C2015,C2016,C2017,C2020,C2021,C2022,C2023,C20230,C20231,C20232,C2024,C2025,C2026,C2027,C28,C29,C290,C291,C30,C31,C32,C33,C34,C35,C36,C37,C43,C48",100n,Board2_Recovered:C_0402_1005Metric,,,,FIT
5,"C12,C15,C24,C25,C6",100n,Board2_Recovered:C_0603_1608Metric,,,,FIT
1,C61,100n JACK MIC,Board2_Recovered:C_0402_1005Metric,,,,FIT
2,"C55,C56",100n PCIe AC,Board2_Recovered:C_0402_1005Metric,,,,FIT
1,C68,100n USB3 RESET,Board2_Recovered:C_0402_1005Metric,,,,FIT
2,"C57,C58",100u low-ESR,Board2_Recovered:C_0603_1608Metric,,,,FIT
6,"R2011,R2021,R294,R295,R7,R8",10k,Board2_Recovered:R_0402_1005Metric,,,,FIT
1,R2012,10k ADDR 0x0F,Board2_Recovered:R_0402_1005Metric,,,,FIT
1,R2022,10k ADDR 0x1F,Board2_Recovered:R_0402_1005Metric,,,,FIT
1,R23,10k BT EN,Board2_Recovered:R_0402_1005Metric,,,,FIT
1,R26,10k CLKREQ,Board2_Recovered:R_0402_1005Metric,,,,FIT
1,R10,10k NTC,Board2_Recovered:R_0402_1005Metric,,,,FIT
1,R29,10k OCI PU,Board2_Recovered:R_0402_1005Metric,,,,FIT
1,R31,10k RESET PU,Board2_Recovered:R_0402_1005Metric,,,,FIT
1,R32,10k SPI CLK PD,Board2_Recovered:R_0402_1005Metric,,,,FIT
1,R33,10k SPI CS PD,Board2_Recovered:R_0402_1005Metric,,,,FIT
1,R34,10k SPI MISO PU,Board2_Recovered:R_0402_1005Metric,,,,FIT
1,R35,10k SPI MOSI PD,Board2_Recovered:R_0402_1005Metric,,,,FIT
1,R22,10k WIFI EN,Board2_Recovered:R_0402_1005Metric,,,,FIT
5,"C38,C44,C45,C46,C47",10u,Board2_Recovered:C_0402_1005Metric,,,,FIT
15,"C1,C10,C11,C13,C14,C19,C2,C20,C21,C22,C23,C3,C4,C5,C9",10u,Board2_Recovered:C_0603_1608Metric,,,,FIT
2,"C65,C66",10u 6.3V,Board2_Recovered:C_0603_1608Metric,,,,FIT
1,C281,10uF 10V,Board2_Recovered:C_0402_1005Metric,,,,FIT
2,"C282,C283",10uF 16V,Board2_Recovered:C_0402_1005Metric,,,,FIT
4,"C2032,C2042,C2052,C2062",10uF 6.3V,Board2_Recovered:C_0603_1608Metric,,,,FIT
1,C301,10uF SD POWER (CM4 LITE ONLY),Board2_Recovered:C_0603_1608Metric,,,,FIT
1,L208,10uH >=2.5A WLED,Board2_Recovered:L_Abracon_ASPI-4030S,,,,FIT
1,C67,120p C0G,Board2_Recovered:C_0402_1005Metric,,,,FIT
1,R301,12k 1% SD_PWR_ON PU (CM4 LITE ONLY),Board2_Recovered:R_0402_1005Metric,,,,FIT
1,R4,137k ILIM,Board2_Recovered:R_0402_1005Metric,,,,FIT
1,R282,147k 1% OVP,Board2_Recovered:R_0402_1005Metric,,,,FIT
4,"R73,R76,R77,R78",1k,Board2_Recovered:R_0402_1005Metric,,,,FIT
4,"C39,C40,C41,C42",1u,Board2_Recovered:C_0402_1005Metric,,,,FIT
5,"C20120,C20121,C20220,C20221,C26",1u,Board2_Recovered:C_0603_1608Metric,,,,FIT
4,"C49,C50,C51,C52",1u C0G,Board2_Recovered:C_0402_1005Metric,,,,FIT
1,C274,1uF,Board2_Recovered:C_0603_1608Metric,,,,FIT
4,"C261,C262,C266,C267",1uF 10V,Board2_Recovered:C_0603_1608Metric,,,,FIT
2,"R2010,R2020",2.00k 1%,Board2_Recovered:R_0402_1005Metric,,,,FIT
1,R27,2.2k CHG SCL,Board2_Recovered:R_0402_1005Metric,,,,FIT
1,R28,2.2k CHG SDA,Board2_Recovered:R_0402_1005Metric,,,,FIT
6,"R290,R291,R292,R293,R5,R6",2.2k I2C,Board2_Recovered:R_0402_1005Metric,,,,FIT
4,"C20122,C20123,C20222,C20223",2.2u,Board2_Recovered:C_0603_1608Metric,,,,FIT
2,"C260,C265",2.2uF,Board2_Recovered:C_0603_1608Metric,,,,FIT
1,C271,2.2uF 10V,Board2_Recovered:C_0603_1608Metric,,,,FIT
4,"L203,L204,L205,L206",2.2uH,Board2_Recovered:L_Abracon_ASPI-4030S,,,,FIT
2,"R13,R14",200k,Board2_Recovered:R_0402_1005Metric,,,,FIT
1,R2041,200k 1%,Board2_Recovered:R_0402_1005Metric,,,,FIT
1,R283,20k 1% OVP,Board2_Recovered:R_0402_1005Metric,,,,FIT
1,R1,220k,Board2_Recovered:R_0402_1005Metric,,,,FIT
2,"C59,C60",22u 25V,Board2_Recovered:C_0603_1608Metric,,,,FIT
1,Y1,24MHz,Board2_Recovered:Crystal_SMD_3225-4Pin_3.2x2.5mm,,,,FIT
1,R9,30.1k TS,Board2_Recovered:R_0402_1005Metric,,,,FIT
1,R2,30k,Board2_Recovered:R_0402_1005Metric,,,,FIT
2,"R74,R75",330R,Board2_Recovered:R_0402_1005Metric,,,,FIT
2,"C7,C8",330p,Board2_Recovered:C_0603_1608Metric,,,,FIT
1,R280,37.4k 1% ISET=33.2mA,Board2_Recovered:R_0402_1005Metric,,,,FIT
1,R284,3k COMP,Board2_Recovered:R_0402_1005Metric,,,,FIT
1,C64,4.7u 10V,Board2_Recovered:C_0603_1608Metric,,,,FIT
7,"C2031,C2041,C2051,C2061,C270,C272,C273",4.7uF 10V,Board2_Recovered:C_0603_1608Metric,,,,FIT
1,L207,4.7uH 1.6A DFE252010,Board2_Recovered:L_APV_ANR252010,,,,FIT
1,R2031,453k 1%,Board2_Recovered:R_0402_1005Metric,,,,FIT
2,"C17,C18",47n,Board2_Recovered:C_0603_1608Metric,,,,FIT
1,C27,47p,Board2_Recovered:C_0603_1608Metric,,,,FIT
1,C62,47u HP LEFT,Board2_Recovered:C_0603_1608Metric,,,,FIT
1,C63,47u HP RIGHT,Board2_Recovered:C_0603_1608Metric,,,,FIT
1,R281,49.9k 1% 1.25MHz,Board2_Recovered:R_0402_1005Metric,,,,FIT
1,C16,4u7,Board2_Recovered:C_0603_1608Metric,,,,FIT
1,R3,5.23k ILIM,Board2_Recovered:R_0402_1005Metric,,,,FIT
1,R25,51k MODE,Board2_Recovered:R_0402_1005Metric,,,,FIT
1,R12,6.04k 2S,Board2_Recovered:R_0402_1005Metric,,,,FIT
14,"FB2011,FB2012,FB2013,FB2014,FB2015,FB2016,FB2017,FB2021,FB2022,FB2023,FB2024,FB2025,FB2026,FB2027",600R@100MHz,Board2_Recovered:L_0603_1608Metric,,,,FIT
1,FB1,600R@100MHz ferrite,Board2_Recovered:L_0603_1608Metric,,,,FIT
1,C280,68n COMP,Board2_Recovered:C_0402_1005Metric,,,,FIT
1,R19,75k 1V05 FB,Board2_Recovered:R_0402_1005Metric,,,,FIT
1,R24,75k MODE,Board2_Recovered:R_0402_1005Metric,,,,FIT
1,R2061,91k 1%,Board2_Recovered:R_0402_1005Metric,,,,FIT
1,J2,BM28 BATTERY FLEX 5A + NTC/ID,Board2_Recovered:Hirose_BM28B0.6-20DS_2-0.35V,,,,FIT
1,J11,BM28B0.6-20DS/2-0.35V BUTTON FLEX,Board2_Recovered:Hirose_BM28B0.6-20DS_2-0.35V_BUTTONS,,,,FIT
1,U6,BQ25798RQMR,Board2_Recovered:Texas_RQM0029A_VQFN-29_4x4mm_P0.4mm,,,,FIT
1,U13,CAT24C512WI-GT3,Board2_Recovered:TSSOP-8_3x3mm_P0.65mm,,,,FIT
1,Module1,CM4 2GB/16GB/Wireless,Board2_Recovered:Raspberry-Pi-4-Compute-Module,,,,FIT
1,J7,DF40C-100DP-0.4V(51) TRACKING,Board2_Recovered:Hirose_DF40C-100DP-0.4V_2x50-1MP_P0.4mm,,,,FIT
1,D201,DFLS160-7,Board2_Recovered:D_SOD-123,,,,FIT
1,J9,DX07S016JA1R1500 CHARGE/SERVICE,Board2_Recovered:USB_C_Receptacle_JAE_DX07S016JA1R1500,,,,FIT
1,J8,DX07S024JJ2R1300 ACCESSORY,Board2_Recovered:JAE_DX07S024JJ2R1300,,,C2977282,FIT
1,U11,HD3SS3212IRKSR,Board2_Recovered:Texas_RVC0020A_WQFN-20-1EP_3x4mm_P0.5mm_EP1.6x2.6mm,,,,FIT
2,"R16,R17",I2C 2.2k,Board2_Recovered:R_0402_1005Metric,,,,FIT
1,R15,ILIM 1.5A TBD,Board2_Recovered:R_0402_1005Metric,,,,FIT
2,"MK1,MK2",IM73A135V01,Board2_Recovered:Infineon_PG-LLGA-5-2,,,,FIT
1,J201,J_DISPLAY_LEFT 245863050104829+,Board2_Recovered:Kyocera_245863050104829_50P_P0.35,,,,FIT
1,J202,J_DISPLAY_RIGHT 245863050104829+,Board2_Recovered:Kyocera_245863050104829_50P_P0.35,,,,FIT
1,R18,MICBIAS 2.7k,Board2_Recovered:R_0402_1005Metric,,,,FIT
1,U208,MP3387AGRT-P,Board2_Recovered:TQFN-24-1EP_4x4mm_P0.5mm_EP2.6x2.6mm,,,,FIT
1,J301,Molex 503398-1892 (CM4 LITE ONLY),Board2_Recovered:SDCARD_MOLEX_503398-1892,,,,FIT
1,U209,PCA9306DCTR C123752,Board2_Recovered:TSSOP-8_3x3mm_P0.65mm,,,,FIT
1,J10,PROX SENSOR - SM05B-SURS-TF,Board2_Recovered:JST_SUR_SM05B-SURS-TF_1x05-1MP_P0.80mm_Horizontal,,,,FIT
1,U301,RT9742GGJ5 SD POWER (CM4 LITE ONLY),Board2_Recovered:SOT-23-5,,,,FIT
2,"Y201,Y202",SIT8008ACE73-18E-48.000000E,Board2_Recovered:Oscillator_SMD_SiT_PQFN-4Pin_2.0x1.6mm,,,,FIT
1,J1,SJ-43514-SMT-TR,Board2_Recovered:SameSky_SJ-43514-SMT-TR,,,,FIT
1,L3,SRP5030CA-1R0M 1uH 9A,Board2_Recovered:Bourns_SRP5030CA,,,,FIT
1,L2,SRP7050TA-2R2M 2.2uH 10A,Board2_Recovered:Bourns_SRP7050TA,,,,FIT
2,"U201,U202",TC358870XBG(NOK) C3008712,Board2_Recovered:Toshiba_P-VFBGA80_7x7mm_P0.65,,,,FIT
1,U210,TCA9539PWR 1V8 DISPLAY GPIO,Board2_Recovered:TSSOP-24_4.4x7.8mm_P0.65mm,,,,FIT
1,D11,TJ-S3227 RGB COMMON ANODE C601674,Board2_Recovered:TOGIALED_TJ-S3227SW1TCGLCCYRGB-A5,,,,FIT
1,U3,TLV320AIC3204IRHBR,Board2_Recovered:Texas_RHB0032M_VQFN-32-1EP_5x5mm_P0.5mm_EP2.1x2.1mm_ThermalVias,,,,FIT
4,"U203,U204,U205,U206",TLV62569DBVR,Board2_Recovered:SOT-23-5,,,,FIT
1,U10,TLV75528PDBVR,Board2_Recovered:SOT-23-5,,,,FIT
1,U15,TLV803EA30DBZR,Board2_Recovered:SOT-23,,,,FIT
1,U7,TPD2EUSB30DRTR,Board2_Recovered:SOT-23,,,,FIT
1,U4,TPD4E05U06DQAR,Board2_Recovered:USON-10_2.5x1.0mm_P0.5mm,,,,FIT
2,"U8,U9",TPD4EUSB30DQAR,Board2_Recovered:USON-10_2.5x1.0mm_P0.5mm,,,,FIT
1,U16,TPS2553-1DRVR,Board2_Recovered:WSON-6-1EP_2x2mm_P0.65mm_EP1x1.6mm,,,,FIT
1,U12,TPS25751DREFR,Board2_Recovered:Texas_REF0038A_WQFN-38_6x4mm_DualPad,,,,FIT
1,U2,TPS568230RJER,Board2_Recovered:Texas_RJE0020A_VQFN-20-1EP_3x3mm_P0.45mm_EP0.675x0.76mm_ThermalVias,,,,FIT
1,U1,TPS62825DMQR,Board2_Recovered:Texas_DMQ0006A_VSON-HR-6_1.5x1.5mm,,,,FIT
1,U207,TPS65132B5YFFR,Board2_Recovered:TI_DSBGA15_YFF_2.108x1.514mm_P0.4,,,,FIT
1,U5,TUSB320LAIRWBR,Board2_Recovered:Texas_X2QFN-12_1.6x1.6mm_P0.4mm,,,,FIT
1,D1,TVS2200DRVR,Board2_Recovered:WSON-6-1EP_2x2mm_P0.65mm_EP1x1.6mm,,,,FIT
1,U14,UPD720202K8-711-BAA-A,Board2_Recovered:QFN-48-1EP_7x7mm_P0.5mm_EP5.7x5.7mm_ThermalVias,,,,FIT
