Reference,Value,Side,X_mm,Y_mm,Rotation_deg,DNP,3D_models
C1,10u,Bottom,211.5000,93.0000,0.00,no,1
C10,10u,Bottom,219.2250,113.0000,0.00,no,1
C11,10u,Bottom,219.2250,115.0000,0.00,no,1
C12,100n,Bottom,219.2250,117.0000,0.00,no,1
C13,10u,Bottom,216.2250,105.0000,0.00,no,1
C14,10u,Bottom,216.2250,103.5000,0.00,no,1
C15,100n,Bottom,216.2250,102.0000,0.00,no,1
C16,4u7,Bottom,219.2750,102.0000,0.00,no,1
C17,47n,Bottom,219.2750,105.0000,0.00,no,1
C18,47n,Bottom,219.7250,110.5000,0.00,no,1
C19,10u,Bottom,103.2250,123.0000,0.00,no,1
C2,10u,Bottom,211.5000,95.0000,0.00,no,1
C20,10u,Bottom,106.2750,123.0000,0.00,no,1
C2010,100n,Top,142.0000,112.0000,0.00,no,1
C2011,100n,Top,148.4200,110.0000,0.00,no,1
C2012,100n,Top,150.5200,110.0000,0.00,no,1
C20120,1u,Top,150.5500,114.5000,0.00,no,1
C20121,1u,Top,152.0000,116.5000,0.00,no,1
C20122,2.2u,Top,158.2250,101.5000,0.00,no,1
C20123,2.2u,Top,158.2250,103.5000,0.00,no,1
C2013,100n,Top,148.4200,111.0000,0.00,no,1
C20130,100n,Top,130.4900,106.5000,0.00,no,1
C20131,100n,Top,130.4900,107.7000,0.00,no,1
C20132,100n,Top,130.4900,108.9000,0.00,no,1
C2014,100n,Top,150.5200,111.0000,0.00,no,1
C2015,100n,Top,148.4200,112.0000,0.00,no,1
C2016,100n,Top,150.5200,112.0000,0.00,no,1
C2017,100n,Top,150.4800,103.5000,0.00,no,1
C2020,100n,Top,186.5200,99.5000,0.00,no,1
C2021,100n,Top,167.9000,103.5000,0.00,no,1
C2022,100n,Top,170.0000,103.5000,0.00,no,1
C20220,1u,Top,171.2250,96.5000,0.00,no,1
C20221,1u,Top,171.2250,98.5000,0.00,no,1
C20222,2.2u,Top,183.3200,103.0000,0.00,no,1
C20223,2.2u,Top,184.5000,105.0000,0.00,no,1
C2023,100n,Top,167.9000,105.0000,0.00,no,1
C20230,100n,Top,167.0200,108.5000,0.00,no,1
C20231,100n,Top,167.0400,110.0000,0.00,no,1
C20232,100n,Top,167.0400,111.5000,0.00,no,1
C2024,100n,Top,170.0000,105.0000,0.00,no,1
C2025,100n,Top,167.9000,106.5000,0.00,no,1
C2026,100n,Top,170.0000,106.5000,0.00,no,1
C2027,100n,Top,199.5000,104.9800,0.00,no,1
C2031,4.7uF 10V,Bottom,121.0000,124.0000,180.00,no,1
C2032,10uF 6.3V,Bottom,110.7750,106.5000,180.00,no,1
C2041,4.7uF 10V,Bottom,138.2250,110.5000,180.00,no,1
C2042,10uF 6.3V,Bottom,138.2250,108.5000,180.00,no,1
C2051,4.7uF 10V,Bottom,110.7750,104.5000,180.00,no,1
C2052,10uF 6.3V,Bottom,117.5000,97.0000,180.00,no,1
C2061,4.7uF 10V,Bottom,110.7750,108.5000,180.00,no,1
C2062,10uF 6.3V,Bottom,139.2250,118.5000,180.00,no,1
C21,10u,Bottom,138.2250,112.5000,0.00,no,1
C22,10u,Bottom,103.2250,125.0000,0.00,no,1
C23,10u,Bottom,106.2750,125.0000,0.00,no,1
C24,100n,Bottom,219.2750,103.5000,0.00,no,1
C25,100n,Bottom,139.2250,120.5000,0.00,no,1
C26,1u,Bottom,139.2250,122.5000,0.00,no,1
C260,2.2uF,Top,106.5750,98.3125,0.00,no,1
C261,1uF 10V,Top,106.5750,100.3125,0.00,no,1
C262,1uF 10V,Top,106.5750,102.3125,0.00,no,1
C265,2.2uF,Top,221.7250,102.0000,0.00,no,1
C266,1uF 10V,Top,221.7250,104.0000,0.00,no,1
C267,1uF 10V,Top,221.7250,106.0000,0.00,no,1
C27,47p,Bottom,121.0000,126.0000,0.00,no,1
C270,4.7uF 10V,Bottom,198.7250,110.5000,180.00,no,1
C271,2.2uF 10V,Bottom,198.7250,112.0000,180.00,no,1
C272,4.7uF 10V,Bottom,198.7250,113.5000,180.00,no,1
C273,4.7uF 10V,Bottom,198.7250,115.0000,180.00,no,1
C274,1uF,Bottom,200.7250,108.5000,180.00,no,1
C28,100n,Top,209.1650,127.1100,90.00,no,1
C280,68n COMP,Bottom,234.4900,130.5000,180.00,no,1
C281,10uF 10V,Bottom,230.0000,122.5000,180.00,no,1
C282,10uF 16V,Bottom,230.0000,123.5000,180.00,no,1
C283,10uF 16V,Bottom,230.0000,124.5000,180.00,no,1
C29,100n,Top,210.6250,127.1100,90.00,no,1
C290,100n,Bottom,203.0000,112.5000,180.00,no,1
C291,100n,Bottom,207.9800,115.5000,180.00,no,1
C3,10u,Bottom,211.5000,97.0000,0.00,no,1
C30,100n,Top,212.1250,127.1100,90.00,no,1
C301,10uF SD POWER (CM4 LITE ONLY),Bottom,233.7250,114.5000,180.00,no,1
C31,100n,Top,171.8850,121.5000,0.00,no,1
C32,100n,Top,174.3850,121.5000,0.00,no,1
C33,100n,Top,209.1250,129.4600,90.00,no,1
C34,100n,Top,210.6250,129.4600,90.00,no,1
C35,100n,Top,212.1250,129.4600,90.00,no,1
C36,100n,Top,171.8850,122.8700,0.00,no,1
C37,100n,Top,174.3850,122.8700,0.00,no,1
C38,10u,Top,209.1250,131.9600,90.00,no,1
C39,1u,Top,210.6250,131.9800,90.00,no,1
C4,10u,Bottom,208.0000,93.0000,0.00,no,1
C40,1u,Top,212.1250,131.9800,90.00,no,1
C41,1u,Top,118.5200,115.0000,0.00,no,1
C42,1u,Top,125.5000,111.5200,90.00,no,1
C43,100n,Top,127.0000,111.5200,90.00,no,1
C44,10u,Top,125.0000,118.5200,90.00,no,1
C45,10u,Top,124.0000,111.5200,90.00,no,1
C46,10u,Top,124.0000,114.0200,90.00,no,1
C47,10u,Top,125.5000,114.0200,90.00,no,1
C48,100n,Top,127.0000,114.0200,90.00,no,1
C49,1u C0G,Top,135.5000,123.5000,0.00,no,1
C5,10u,Bottom,208.0000,95.0000,0.00,no,1
C50,1u C0G,Top,135.5000,125.0000,0.00,no,1
C51,1u C0G,Top,205.5200,128.5000,0.00,no,1
C52,1u C0G,Top,205.5000,127.0000,0.00,no,1
C55,100n PCIe AC,Top,201.5000,109.4800,90.00,no,1
C56,100n PCIe AC,Top,203.0000,108.6100,90.00,no,1
C57,100u low-ESR,Bottom,107.2250,131.5000,0.00,no,1
C58,100u low-ESR,Bottom,110.7250,131.5000,0.00,no,1
C59,22u 25V,Bottom,107.2250,133.5000,0.00,no,1
C6,100n,Bottom,224.2750,110.0000,0.00,no,1
C60,22u 25V,Bottom,110.7250,133.5000,0.00,no,1
C61,100n JACK MIC,Top,122.0200,123.0000,0.00,no,1
C62,47u HP LEFT,Top,121.7250,118.0000,0.00,no,1
C63,47u HP RIGHT,Top,114.7250,117.5000,0.00,no,1
C64,4.7u 10V,Bottom,121.7250,97.5000,0.00,no,1
C65,10u 6.3V,Bottom,121.7250,99.5000,0.00,no,1
C66,10u 6.3V,Bottom,121.7250,101.5000,0.00,no,1
C67,120p C0G,Bottom,132.9800,101.5000,0.00,no,1
C68,100n USB3 RESET,Top,183.0200,116.5000,0.00,no,1
C7,330p,Bottom,199.7750,99.5000,0.00,no,1
C8,330p,Bottom,200.5000,101.4000,0.00,no,1
C9,10u,Bottom,203.2750,99.5000,0.00,no,1
D1,TVS2200DRVR,Top,118.6125,112.8500,0.00,no,1
D11,TJ-S3227 RGB COMMON ANODE C601674,Top,233.7000,111.0000,0.00,no,1
D201,DFLS160-7,Bottom,233.5000,123.0000,90.00,no,1
FB1,600R@100MHz ferrite,Top,181.5000,123.5000,0.00,no,1
FB2011,600R@100MHz,Top,137.2875,114.5000,0.00,no,1
FB2012,600R@100MHz,Top,140.7875,115.0000,0.00,no,1
FB2013,600R@100MHz,Top,137.2875,116.5000,0.00,no,1
FB2014,600R@100MHz,Top,140.7875,117.0000,0.00,no,1
FB2015,600R@100MHz,Top,137.2875,118.5000,0.00,no,1
FB2016,600R@100MHz,Top,140.7875,119.0000,0.00,no,1
FB2017,600R@100MHz,Top,137.2875,120.5000,0.00,no,1
FB2021,600R@100MHz,Top,175.9000,101.0000,0.00,no,1
FB2022,600R@100MHz,Top,179.2125,101.0000,0.00,no,1
FB2023,600R@100MHz,Top,175.9000,102.7125,0.00,no,1
FB2024,600R@100MHz,Top,179.2125,102.7125,0.00,no,1
FB2025,600R@100MHz,Top,175.9000,104.5000,0.00,no,1
FB2026,600R@100MHz,Top,179.2125,104.5000,0.00,no,1
FB2027,600R@100MHz,Top,176.2125,110.0000,0.00,no,1
J1,SJ-43514-SMT-TR,Top,128.5000,128.0000,90.00,no,1
J10,PROX SENSOR - SM05B-SURS-TF,Top,159.5000,122.5000,180.00,no,1
J11,BM28B0.6-20DS/2-0.35V BUTTON FLEX,Top,230.2250,98.5000,90.00,no,1
J2,BM28 BATTERY FLEX 5A + NTC/ID,Top,230.2250,126.5000,90.00,no,1
J201,J_DISPLAY_LEFT 245863050104829+,Top,125.3500,103.7300,0.00,no,1
J202,J_DISPLAY_RIGHT 245863050104829+,Top,212.4500,103.7300,180.00,no,1
J301,Molex 503398-1892 (CM4 LITE ONLY),Bottom,208.0000,128.0000,0.00,no,1
J7,DF40C-100DP-0.4V(51) TRACKING,Bottom,124.5000,105.3550,180.00,no,1
J8,DX07S024JJ2R1300 ACCESSORY,Top,220.1000,129.7000,0.00,no,1
J9,DX07S016JA1R1500 CHARGE/SERVICE,Top,118.0000,131.2000,0.00,no,1
L1,0.47uH XFL4015-471MEC,Bottom,127.4850,98.5000,0.00,no,1
L2,SRP7050TA-2R2M 2.2uH 10A,Bottom,119.5000,115.0000,180.00,no,1
L203,2.2uH,Bottom,131.5000,124.0000,90.00,no,1
L204,2.2uH,Bottom,126.0000,124.0000,90.00,no,1
L205,2.2uH,Bottom,131.0000,112.0000,0.00,no,1
L206,2.2uH,Bottom,130.5000,118.0000,90.00,no,1
L207,4.7uH 1.6A DFE252010,Bottom,207.5000,111.8250,90.00,no,1
L208,10uH >=2.5A WLED,Bottom,228.0000,118.0000,90.00,no,1
L3,SRP5030CA-1R0M 1uH 9A,Bottom,210.0000,103.0000,180.00,no,1
MK1,IM73A135V01,Top,137.3200,132.5000,0.00,no,1
MK2,IM73A135V01,Top,200.5000,132.5000,180.00,no,1
Module1,CM4 2GB/16GB/Wireless,Bottom,145.0000,128.3000,90.00,no,2
R1,220k,Bottom,125.6100,127.5000,0.00,no,1
R10,10k NTC,Bottom,233.9100,104.0000,0.00,no,1
R11,100R BATP,Bottom,228.0000,109.8000,0.00,no,1
R12,6.04k 2S,Bottom,229.9000,109.8000,0.00,no,1
R13,200k,Top,201.4900,122.5000,0.00,no,1
R14,200k,Top,201.4900,124.0000,0.00,no,1
R15,ILIM 1.5A TBD,Top,225.0000,121.0000,0.00,no,1
R16,I2C 2.2k,Top,136.5000,111.0000,90.00,no,1
R17,I2C 2.2k,Top,138.0000,111.4900,90.00,no,1
R18,MICBIAS 2.7k,Top,121.9900,125.5000,0.00,no,1
R19,75k 1V05 FB,Bottom,134.5000,98.0000,0.00,no,1
R2,30k,Bottom,127.8100,127.5000,0.00,no,1
R20,100k 1V05 FB,Bottom,129.9900,97.5000,0.00,no,1
R2010,2.00k 1%,Top,128.4900,106.5000,0.00,no,1
R2011,10k,Top,128.4900,107.7000,0.00,no,1
R2012,10k ADDR 0x0F,Top,128.4900,108.9000,0.00,no,1
R2020,2.00k 1%,Top,164.6000,108.5000,0.00,no,1
R2021,10k,Top,164.6000,110.0000,0.00,no,1
R2022,10k ADDR 0x1F,Top,164.6000,111.5000,0.00,no,1
R2031,453k 1%,Bottom,103.9900,104.5000,180.00,no,1
R2032,100k 1%,Bottom,103.9900,106.0000,180.00,no,1
R2041,200k 1%,Bottom,109.9900,125.5000,180.00,no,1
R2042,100k 1%,Bottom,110.0000,127.0000,180.00,no,1
R2051,100k 1%,Bottom,107.4900,103.5000,180.00,no,1
R2052,100k 1%,Bottom,107.4900,105.0000,180.00,no,1
R2061,91k 1%,Bottom,138.9900,127.0000,180.00,no,1
R2062,100k 1%,Bottom,139.0000,128.5000,180.00,no,1
R21,100k 1V05 PG,Bottom,129.9900,99.0000,0.00,no,1
R22,10k WIFI EN,Bottom,135.5100,101.5000,0.00,no,1
R23,10k BT EN,Bottom,138.0100,101.5000,0.00,no,1
R24,75k MODE,Bottom,130.0100,127.5000,0.00,no,1
R25,51k MODE,Bottom,116.9900,124.5000,0.00,no,1
R26,10k CLKREQ,Bottom,127.4850,97.0000,0.00,no,1
R260,100k RESET pulldown,Top,110.9900,101.0000,0.00,no,1
R261,0R DNP to BL_PWM,Top,111.0000,102.5000,0.00,yes,1
R265,100k RESET pulldown,Top,163.4900,99.0000,0.00,no,1
R266,0R DNP to BL_PWM,Top,163.9900,100.4000,0.00,yes,1
R27,2.2k CHG SCL,Bottom,228.0000,110.8000,0.00,no,1
R28,2.2k CHG SDA,Bottom,229.9000,110.8000,0.00,no,1
R280,37.4k 1% ISET=33.2mA,Bottom,231.9900,127.5000,180.00,no,1
R281,49.9k 1% 1.25MHz,Bottom,234.4900,127.5000,180.00,no,1
R282,147k 1% OVP,Bottom,231.9900,129.0000,180.00,no,1
R283,20k 1% OVP,Bottom,234.4900,129.0000,180.00,no,1
R284,3k COMP,Bottom,232.0000,130.5000,180.00,no,1
R29,10k OCI PU,Top,168.4800,116.5000,0.00,no,1
R290,2.2k I2C,Bottom,212.5000,110.5100,90.00,no,1
R291,2.2k I2C,Bottom,214.0000,110.5100,90.00,no,1
R292,2.2k I2C,Bottom,215.5000,110.5100,90.00,no,1
R293,2.2k I2C,Bottom,217.0000,110.5100,90.00,no,1
R294,10k,Bottom,209.0000,108.5000,90.00,no,1
R295,10k,Bottom,210.5000,108.5100,90.00,no,1
R3,5.23k ILIM,Bottom,232.0000,103.0000,0.00,no,1
R30,1.6k RREF VERIFY,Top,170.9900,116.5000,0.00,no,1
R301,12k 1% SD_PWR_ON PU (CM4 LITE ONLY),Bottom,137.0000,127.0000,180.00,no,1
R302,0R SD DETECT OPTION,Bottom,136.9900,128.5000,180.00,yes,1
R303,0R SD DETECT OPTION,Bottom,133.5100,127.5000,180.00,yes,1
R31,10k RESET PU,Top,170.9900,118.0000,0.00,no,1
R32,10k SPI CLK PD,Top,168.4800,118.0000,0.00,no,1
R33,10k SPI CS PD,Top,168.4900,119.5000,0.00,no,1
R34,10k SPI MISO PU,Top,170.9900,119.5000,0.00,no,1
R35,10k SPI MOSI PD,Top,207.9900,123.5000,0.00,no,1
R4,137k ILIM,Bottom,233.9100,103.0000,0.00,no,1
R5,2.2k I2C,Bottom,234.0000,95.0000,0.00,no,1
R6,2.2k I2C,Bottom,234.0000,96.0000,0.00,no,1
R7,10k,Bottom,234.0000,97.0000,0.00,no,1
R73,1k,Top,229.8000,108.3000,0.00,no,1
R74,330R,Top,229.9900,113.0000,0.00,no,1
R75,330R,Top,233.7000,114.5000,90.00,no,1
R76,1k,Top,226.9900,100.0000,0.00,no,1
R77,1k,Top,226.9900,98.5100,0.00,no,1
R78,1k,Top,228.0000,96.0100,-90.00,no,1
R8,10k,Bottom,234.0000,98.0000,0.00,no,1
R9,30.1k TS,Bottom,232.0000,104.0000,0.00,no,1
U1,TPS62825DMQR,Bottom,122.3500,120.5000,180.00,no,1
U10,TLV75528PDBVR,Top,186.0000,121.5000,0.00,no,1
U11,HD3SS3212IRKSR,Top,221.6000,115.7500,0.00,no,1
U12,TPS25751DREFR,Bottom,201.1000,94.8000,180.00,no,1
U13,CAT24C512WI-GT3,Bottom,217.5000,95.0000,180.00,no,1
U14,UPD720202K8-711-BAA-A,Top,212.5500,115.2500,0.00,no,1
U15,TLV803EA30DBZR,Top,200.5625,118.5000,0.00,no,1
U16,TPS2553-1DRVR,Top,220.6125,121.8500,0.00,no,1
U2,TPS568230RJER,Bottom,112.9000,123.0625,180.00,no,1
U201,TC358870XBG(NOK) C3008712,Top,141.9250,105.0750,0.00,no,1
U202,TC358870XBG(NOK) C3008712,Top,191.1750,106.4250,180.00,no,1
U203,TLV62569DBVR,Bottom,108.6375,112.5000,0.00,no,1
U204,TLV62569DBVR,Bottom,108.6375,115.9500,0.00,no,1
U205,TLV62569DBVR,Bottom,108.6375,119.4000,0.00,no,1
U206,TLV62569DBVR,Bottom,127.1000,131.8625,90.00,no,1
U207,TPS65132B5YFFR,Bottom,218.2000,127.5000,180.00,no,1
U208,MP3387AGRT-P,Bottom,203.7500,116.2875,90.00,no,1
U209,PCA9306DCTR C123752,Bottom,201.8500,104.9750,180.00,no,1
U210,TCA9539PWR 1V8 DISPLAY GPIO,Bottom,225.6375,98.5750,180.00,no,1
U3,TLV320AIC3204IRHBR,Top,117.5625,121.7500,0.00,no,1
U301,RT9742GGJ5 SD POWER (CM4 LITE ONLY),Bottom,130.5500,131.8625,90.00,no,1
U4,TPD4E05U06DQAR,Top,111.6150,118.0000,0.00,no,1
U5,TUSB320LAIRWBR,Top,203.1000,113.6750,0.00,no,1
U6,BQ25798RQMR,Bottom,221.8625,123.2250,180.00,no,1
U7,TPD2EUSB30DRTR,Top,114.5625,113.5000,0.00,no,1
U8,TPD4EUSB30DQAR,Top,221.8500,110.7650,90.00,no,1
U9,TPD4EUSB30DQAR,Top,226.4650,115.1500,0.00,no,1
Y1,24MHz,Top,205.4000,118.3500,0.00,no,1
Y201,SIT8008ACE73-18E-48.000000E,Top,119.7500,107.6000,0.00,no,1
Y202,SIT8008ACE73-18E-48.000000E,Top,203.7500,104.6000,0.00,no,1
