"Reference","Value","Footprint","Quantity"
"C1-C3,C65,C66","10u 6.3V","Capacitor_SMD:C_0603_1608Metric","5"
"C4,C5,C9-C11,C13,C14,C20-C24","10u 25V","Capacitor_SMD:C_0603_1608Metric","12"
"C6,C12,C15,C19,C25","100n 25V","Capacitor_SMD:C_0402_1005Metric","5"
"C7,C8","330p","Capacitor_SMD:C_0402_1005Metric","2"
"C16","4.7u 10V","Capacitor_SMD:C_0402_1005Metric","1"
"C17,C18","47n 25V","Capacitor_SMD:C_0402_1005Metric","2"
"C26","1u 10V","Capacitor_SMD:C_0402_1005Metric","1"
"C27","47p","Capacitor_SMD:C_0402_1005Metric","1"
"C28-C37,C43,C48,C61,C68","100n","Capacitor_SMD:C_0402_1005Metric","14"
"C38,C44-C47","10u","Capacitor_SMD:C_0603_1608Metric","5"
"C39-C42","1u","Capacitor_SMD:C_0402_1005Metric","4"
"C49-C52","1u film/C0G","Capacitor_SMD:C_0603_1608Metric","4"
"C53-C56","100n PCIe AC","Capacitor_SMD:C_0402_1005Metric","4"
"C57,C58","100u 10V low-ESR","Capacitor_SMD:C_0402_1005Metric","2"
"C59,C60","22u 25V","Capacitor_SMD:C_0603_1608Metric","2"
"C62,C63","47u low-ESR","Capacitor_SMD:C_0402_1005Metric","2"
"C64","4.7u 10V","Capacitor_SMD:C_0603_1608Metric","1"
"C67","120p C0G","Capacitor_SMD:C_0402_1005Metric","1"
"D1","TVS2200DRVR","Package_SON:WSON-6-1EP_2x2mm_P0.65mm_EP1x1.6mm","1"
"FB1","600R@100MHz ferrite","Inductor_SMD:L_0603_1608Metric","1"
"J1","SJ-43514-SMT-TR","Stearlight:SameSky_SJ-43514-SMT-TR","1"
"J2","BM28 BATTERY FLEX 5A + NTC/ID","Stearlight:Hirose_BM28B0.6-20DS_2-0.35V","1"
"J4","5V GND PWM TACH","Connector_JST:JST_GH_SM04B-GHS-TB_1x04-1MP_P1.25mm_Horizontal","1"
"J5","PROXIMITY FLEX","Connector_JST:JST_SH_SM06B-SRSS-TB_1x06-1MP_P1.00mm_Horizontal","1"
"J7","DF40C-100DP-0.4V(51) TRACKING","Connector_Hirose_DF40:Hirose_DF40C-100DP-0.4V_2x50-1MP_P0.4mm","1"
"J8","DX07S024JJ2R1300 ACCESSORY","Stearlight:JAE_DX07S024JJ2R1300","1"
"J9","DX07S016JA1R1500 CHARGE/SERVICE","Connector_USB:USB_C_Receptacle_JAE_DX07S016JA1R1500","1"
"L1","0.47uH XFL4015-471MEC","Inductor_SMD:L_0402_1005Metric","1"
"L2","SRP7050TA-2R2M 2.2uH 10A","Stearlight:Bourns_SRP7050TA","1"
"L3","SRP5030CA-1R0M 1uH 9A","Stearlight:Bourns_SRP5030CA","1"
"MK1,MK2","IM73A135V01","Sensor_Audio:Infineon_PG-LLGA-5-2","2"
"Module1","CM4 2GB/16GB/Wireless","CM4IO:Raspberry-Pi-4-Compute-Module","1"
"R1","220k 1%","Resistor_SMD:R_0402_1005Metric","1"
"R2","30k 1%","Resistor_SMD:R_0402_1005Metric","1"
"R3","5.23k 1%","Resistor_SMD:R_0402_1005Metric","1"
"R4","137k 1%","Resistor_SMD:R_0402_1005Metric","1"
"R5,R6,R16,R17,R27,R28","2.2k","Resistor_SMD:R_0402_1005Metric","6"
"R7,R8,R22,R23,R32-R35","10k","Resistor_SMD:R_0402_1005Metric","8"
"R9","30.1k 1%","Resistor_SMD:R_0402_1005Metric","1"
"R10","10k NTC option","Resistor_SMD:R_0402_1005Metric","1"
"R11","100R 1%","Resistor_SMD:R_0402_1005Metric","1"
"R12","6.04k 1% (2S)","Resistor_SMD:R_0402_1005Metric","1"
"R13,R14","200k","Resistor_SMD:R_0402_1005Metric","2"
"R15","20k 1% (1.5A limit)","Resistor_SMD:R_0402_1005Metric","1"
"R18","2.7k","Resistor_SMD:R_0402_1005Metric","1"
"R19","75k 1%","Resistor_SMD:R_0402_1005Metric","1"
"R20","100k 1%","Resistor_SMD:R_0402_1005Metric","1"
"R21","100k","Resistor_SMD:R_0402_1005Metric","1"
"R24","75k 1% (FCCM 800kHz)","Resistor_SMD:R_0402_1005Metric","1"
"R25","51k 1% (FCCM 800kHz)","Resistor_SMD:R_0402_1005Metric","1"
"R26","10k PCIe CLKREQ pull-up","Resistor_SMD:R_0402_1005Metric","1"
"R29","10k OCI pull-up","Resistor_SMD:R_0402_1005Metric","1"
"R30","1.6k RREF - verify gated Renesas manual","Resistor_SMD:R_0402_1005Metric","1"
"R31","10k reset pull-up","Resistor_SMD:R_0402_1005Metric","1"
"TP1","CHG_STAT","TestPoint:TestPoint_Pad_D1.0mm","1"
"TP2","PGOOD_5V","TestPoint:TestPoint_Pad_D1.0mm","1"
"TP3","BAT_ID","TestPoint:TestPoint_Pad_D1.0mm","1"
"TP4","+5V_SYS","TestPoint:TestPoint_Pad_D1.0mm","1"
"TP5","+3V3","TestPoint:TestPoint_Pad_D1.0mm","1"
"TP6","+1V05_USB","TestPoint:TestPoint_Pad_D1.0mm","1"
"TP7","GND","TestPoint:TestPoint_Pad_D1.0mm","1"
"TP8","VBAT_SYS","TestPoint:TestPoint_Pad_D1.0mm","1"
"U1","TPS62825DMQR","Stearlight:Texas_DMQ0006A_VSON-HR-6_1.5x1.5mm","1"
"U2","TPS568230RJER","Package_DFN_QFN:Texas_RJE0020A_VQFN-20-1EP_3x3mm_P0.45mm_EP0.675x0.76mm_ThermalVias","1"
"U3","TLV320AIC3204IRHBR","Package_DFN_QFN:Texas_RHB0032M_VQFN-32-1EP_5x5mm_P0.5mm_EP2.1x2.1mm_ThermalVias","1"
"U4","TPD4E05U06DQAR","Package_SON:USON-10_2.5x1.0mm_P0.5mm","1"
"U5","TUSB320LAIRWBR","Package_DFN_QFN:Texas_X2QFN-12_1.6x1.6mm_P0.4mm","1"
"U6","BQ25798RQMR","Package_DFN_QFN:Texas_RQM0029A_VQFN-29_4x4mm_P0.4mm","1"
"U7","TPD2EUSB30DRTR","Package_TO_SOT_SMD:SOT-23","1"
"U8,U9","TPD4EUSB30DQAR","Package_SON:USON-10_2.5x1.0mm_P0.5mm","2"
"U10","TLV75528PDBVR","Package_TO_SOT_SMD:SOT-23-5","1"
"U11","HD3SS3212IRKSR","Package_DFN_QFN:Texas_RVC0020A_WQFN-20-1EP_3x4mm_P0.5mm_EP1.6x2.6mm","1"
"U12","TPS25751DREFR","Stearlight:Texas_REF0038A_WQFN-38_6x4mm_DualPad","1"
"U13","CAT24C512WI-GT3","Package_SO:TSSOP-8_3x3mm_P0.65mm","1"
"U14","UPD720202K8-711-BAA-A","Package_DFN_QFN:QFN-48-1EP_7x7mm_P0.5mm_EP5.7x5.7mm_ThermalVias","1"
"U15","TLV803EA30DBZR","Package_TO_SOT_SMD:SOT-23","1"
"U16","TPS2553-1DRVR","Package_SON:WSON-6-1EP_2x2mm_P0.65mm_EP1x1.6mm","1"
"Y1","24MHz 12pF","Crystal:Crystal_SMD_3225-4Pin_3.2x2.5mm","1"
"J11","BM28B0.6-20DS/2-0.35V(51) BUTTON FLEX","Stearlight:Hirose_BM28B0.6-20DS_2-0.35V_BUTTONS","1"
"D11","TJ-S3227SW1TCGLCCYRGB-A5 C601674","Stearlight:TOGIALED_TJ-S3227SW1TCGLCCYRGB-A5","1"
"R73,R76-R78","1k","Resistor_SMD:R_0402_1005Metric","4"
"R74,R75","330R","Resistor_SMD:R_0402_1005Metric","2"
